wavelength_nm,R_avg_percent,R_s_percent,R_p_percent
400.0,20.19759510970144,20.19759510970144,20.19759510970144
400.80160320641284,19.941017270780385,19.941017270780385,19.941017270780385
401.60320641282567,19.688226985586837,19.688226985586837,19.688226985586837
402.40480961923845,19.440392773062914,19.440392773062914,19.440392773062914
403.2064128256513,19.19919040320944,19.19919040320944,19.19919040320944
404.0080160320641,18.96084657614732,18.96084657614732,18.96084657614732
404.80961923847696,18.72870450488722,18.72870450488722,18.72870450488722
405.6112224448898,18.500237838794636,18.500237838794636,18.500237838794636
406.4128256513026,18.27507224110954,18.27507224110954,18.27507224110954
407.2144288577154,18.055432114878972,18.055432114878972,18.055432114878972
408.01603206412824,17.837888796847455,17.837888796847455,17.837888796847455
408.8176352705411,17.62499069767233,17.62499069767233,17.62499069767233
409.6192384769539,17.414993035419037,17.414993035419037,17.414993035419037
410.42084168336675,17.207663350626596,17.207663350626596,17.207663350626596
411.2224448897796,17.004497242590894,17.004497242590894,17.004497242590894
412.02404809619236,16.80297073100391,16.80297073100391,16.80297073100391
412.8256513026052,16.605468579131532,16.605468579131532,16.605468579131532
413.62725450901803,16.40997142194697,16.40997142194697,16.40997142194697
414.42885771543087,16.217124514330454,16.217124514330454,16.217124514330454
415.2304609218437,16.02721749644056,16.02721749644056,16.02721749644056
416.03206412825654,15.838832410263004,15.838832410263004,15.838832410263004
416.8336673346693,15.65415234090091,15.65415234090091,15.65415234090091
417.63527054108215,15.47073735381344,15.47073735381344,15.47073735381344
418.436873747495,15.290307793247509,15.290307793247509,15.290307793247509
419.2384769539078,15.11172984534851,15.11172984534851,15.11172984534851
420.04008016032066,14.935299629854546,14.935299629854546,14.935299629854546
420.8416833667335,14.761325491417136,14.761325491417136,14.761325491417136
421.64328657314627,14.588786504012113,14.588786504012113,14.588786504012113
422.4448897795591,14.419222219240538,14.419222219240538,14.419222219240538
423.24649298597194,14.250757681420762,14.250757681420762,14.250757681420762
424.0480961923848,14.085172574423169,14.085172574423169,14.085172574423169
424.8496993987976,13.92089697930652,13.92089697930652,13.92089697930652
425.65130260521045,13.758942230951737,13.758942230951737,13.758942230951737
426.4529058116232,13.598711650059478,13.598711650059478,13.598711650059478
427.25450901803606,13.440332335038715,13.440332335038715,13.440332335038715
428.0561122244489,13.284026352666215,13.284026352666215,13.284026352666215
428.85771543086173,13.129167035424741,13.129167035424741,13.129167035424741
429.65931863727457,12.976670103034127,12.976670103034127,12.976670103034127
430.4609218436874,12.825275147081294,12.825275147081294,12.825275147081294
431.2625250501002,12.676486418279161,12.676486418279161,12.676486418279161
432.064128256513,12.528643079515367,12.528643079515367,12.528643079515367
432.86573146292585,12.383341037132816,12.383341037132816,12.383341037132816
433.6673346693387,12.23908980882373,12.23908980882373,12.23908980882373
434.4689378757515,12.097104320561328,12.097104320561328,12.097104320561328
435.2705410821643,11.95635855945798,11.95635855945798,11.95635855945798
436.07214428857714,11.817643633935687,11.817643633935687,11.817643633935687
436.87374749498997,11.68032309589105,11.68032309589105,11.68032309589105
437.6753507014028,11.544846802188674,11.544846802188674,11.544846802188674
438.47695390781564,11.410882968581634,11.410882968581634,11.410882968581634
439.2785571142285,11.278607398403198,11.278607398403198,11.278607398403198
440.0801603206413,11.147930907635688,11.147930907635688,11.147930907635688
440.8817635270541,11.018819044104838,11.018819044104838,11.018819044104838
441.6833667334669,10.89136434674532,10.89136434674532,10.89136434674532
442.48496993987976,10.765380164129269,10.765380164129269,10.765380164129269
443.2865731462926,10.64108151301907,10.64108151301907,10.64108151301907
444.08817635270543,10.518183635781849,10.518183635781849,10.518183635781849
444.8897795591182,10.39698384653091,10.39698384653091,10.39698384653091
445.69138276553105,10.277145010492962,10.277145010492962,10.277145010492962
446.4929859719439,10.158985602462309,10.158985602462309,10.158985602462309
447.2945891783567,10.042163763649253,10.042163763649253,10.042163763649253
448.09619238476955,9.926989155672192,9.926989155672192,9.926989155672192
448.8977955911824,9.813153245773451,9.813153245773451,9.813153245773451
449.6993987975952,9.700908874893239,9.700908874893239,9.700908874893239
450.501002004008,9.590019811500964,9.590019811500964,9.590019811500964
451.30260521042084,9.4806506978031,9.4806506978031,9.4806506978031
452.10420841683367,9.372671018765521,9.372671018765521,9.372671018765521
452.9058116232465,9.266129754394328,9.266129754394328,9.266129754394328
453.70741482965934,9.161032858873664,9.161032858873664,9.161032858873664
454.5090180360721,9.05727014652113,9.05727014652113,9.05727014652113
455.31062124248496,8.955012632966842,8.955012632966842,8.955012632966842
456.1122244488978,8.853975980779905,8.853975980779905,8.853975980779905
456.9138276553106,8.754522418395204,8.754522418395204,8.754522418395204
457.71543086172346,8.65616411907251,8.65616411907251,8.65616411907251
458.5170340681363,8.559477897414054,8.559477897414054,8.559477897414054
459.3186372745491,8.463750482240194,8.463750482240194,8.463750482240194
460.1202404809619,8.36979392098682,8.36979392098682,8.36979392098682
460.92184368737475,8.276650233024014,8.276650233024014,8.276650233024014
461.7234468937876,8.185381777004046,8.185381777004046,8.185381777004046
462.5250501002004,8.09491898172831,8.09491898172831,8.09491898172831
463.32665330661325,8.006157827315274,8.006157827315274,8.006157827315274
464.12825651302603,7.9183464937088095,7.9183464937088095,7.9183464937088095
464.92985971943887,7.832041307938336,7.832041307938336,7.832041307938336
465.7314629258517,7.746840567966244,7.746840567966244,7.746840567966244
466.53306613226454,7.66294698297966,7.66294698297966,7.66294698297966
467.3346693386774,7.58031818232853,7.58031818232853,7.58031818232853
468.13627254509015,7.498793634916247,7.498793634916247,7.498793634916247
468.93787575150304,7.41870034769206,7.41870034769206,7.41870034769206
469.7394789579158,7.3395028516473655,7.3395028516473655,7.3395028516473655
470.54108216432866,7.261902488876074,7.261902488876074,7.261902488876074
471.3426853707415,7.185087857216338,7.185087857216338,7.185087857216338
472.1442885771543,7.109845015154616,7.109845015154616,7.109845015154616
472.94589178356716,7.035482650062888,7.035482650062888,7.035482650062888
473.74749498997994,6.962446823455702,6.962446823455702,6.962446823455702
474.5490981963928,6.890490326625074,6.890490326625074,6.890490326625074
475.3507014028056,6.819624021903807,6.819624021903807,6.819624021903807
476.15230460921845,6.7500428864876465,6.7500428864876465,6.7500428864876465
476.9539078156313,6.681308886005658,6.681308886005658,6.681308886005658
477.75551102204406,6.614056276247411,6.614056276247411,6.614056276247411
478.5571142284569,6.547562932539232,6.547562932539232,6.547562932539232
479.35871743486973,6.4824523062598,6.4824523062598,6.4824523062598
480.16032064128257,6.418246171183603,6.418246171183603,6.418246171183603
480.9619238476954,6.355157280055545,6.355157280055545,6.355157280055545
481.76352705410824,6.293196325135239,6.293196325135239,6.293196325135239
482.5651302605211,6.232091579728734,6.232091579728734,6.232091579728734
483.36673346693385,6.172336344580383,6.172336344580383,6.172336344580383
484.1683366733467,6.113315651270726,6.113315651270726,6.113315651270726
484.9699398797595,6.055588371872636,6.055588371872636,6.055588371872636
485.77154308617236,5.998722980248846,5.998722980248846,5.998722980248846
486.5731462925852,5.942877490969829,5.942877490969829,5.942877490969829
487.37474949899797,5.888132813255159,5.888132813255159,5.888132813255159
488.1763527054108,5.83413534747043,5.83413534747043,5.83413534747043
488.97795591182364,5.7814718424186085,5.7814718424186085,5.7814718424186085
489.7795591182365,5.7295151226148295,5.7295151226148295,5.7295151226148295
490.5811623246493,5.678666688152379,5.678666688152379,5.678666688152379
491.38276553106215,5.628742670610118,5.628742670610118,5.628742670610118
492.184368737475,5.579645950156382,5.579645950156382,5.579645950156382
492.98597194388776,5.531720080155879,5.531720080155879,5.531720080155879
493.7875751503006,5.484480481808193,5.484480481808193,5.484480481808193
494.58917835671343,5.4383775924758595,5.4383775924758595,5.4383775924758595
495.39078156312627,5.393087517281092,5.393087517281092,5.393087517281092
496.1923847695391,5.348646181300767,5.348646181300767,5.348646181300767
496.9939879759519,5.305271273810733,5.305271273810733,5.305271273810733
497.7955911823647,5.262561193808539,5.262561193808539,5.262561193808539
498.59719438877755,5.220961621754239,5.220961621754239,5.220961621754239
499.3987975951904,5.180115972376233,5.180115972376233,5.180115972376233
500.2004008016032,5.140090280128113,5.140090280128113,5.140090280128113
501.002004008016,5.101075104189087,5.101075104189087,5.101075104189087
501.80360721442884,5.062702676537676,5.062702676537676,5.062702676537676
502.60521042084173,5.025374340117321,5.025374340117321,5.025374340117321
503.40681362725445,4.988786649068282,4.988786649068282,4.988786649068282
504.20841683366734,4.952949980260179,4.952949980260179,4.952949980260179
505.01002004008024,4.918111289213911,4.918111289213911,4.918111289213911
505.81162324649296,4.883892815543258,4.883892815543258,4.883892815543258
506.61322645290574,4.850615640012859,4.850615640012859,4.850615640012859
507.4148296593186,4.818103110875239,4.818103110875239,4.818103110875239
508.21643286573146,4.786239444534266,4.786239444534266,4.786239444534266
509.01803607214435,4.755393457381058,4.755393457381058,4.755393457381058
509.81963927855713,4.725144913421251,4.725144913421251,4.725144913421251
510.62124248496986,4.695704531995995,4.695704531995995,4.695704531995995
511.42284569138286,4.667082278287937,4.667082278287937,4.667082278287937
512.2244488977956,4.639044356796643,4.639044356796643,4.639044356796643
513.0260521042085,4.611950713777412,4.611950713777412,4.611950713777412
513.8276553106213,4.585494898058946,4.585494898058946,4.585494898058946
514.629258517034,4.55969244861216,4.55969244861216,4.55969244861216
515.4308617234469,4.5347847229413025,4.5347847229413025,4.5347847229413025
516.2324649298597,4.510438402317177,4.510438402317177,4.510438402317177
517.0340681362726,4.486858525520898,4.486858525520898,4.486858525520898
517.8356713426854,4.464018992993217,4.464018992993217,4.464018992993217
518.6372745490982,4.4417276700099375,4.4417276700099375,4.4417276700099375
519.438877755511,4.420299817267202,4.420299817267202,4.420299817267202
520.2404809619238,4.399476334912567,4.399476334912567,4.399476334912567
521.0420841683367,4.379228153123212,4.379228153123212,4.379228153123212
521.8436873747495,4.359835669253788,4.359835669253788,4.359835669253788
522.6452905811623,4.34096861761185,4.34096861761185,4.34096861761185
523.4468937875752,4.322754549323332,4.322754549323332,4.322754549323332
524.2484969939879,4.305282382170991,4.305282382170991,4.305282382170991
525.0501002004008,4.288322523429621,4.288322523429621,4.288322523429621
525.8517034068136,4.272078176505805,4.272078176505805,4.272078176505805
526.6533066132265,4.256473539950617,4.256473539950617,4.256473539950617
527.4549098196393,4.241368135614799,4.241368135614799,4.241368135614799
528.2565130260521,4.2270256239056,4.2270256239056,4.2270256239056
529.058116232465,4.2132344131111115,4.2132344131111115,4.2132344131111115
529.8597194388777,4.199929731703647,4.199929731703647,4.199929731703647
530.6613226452906,4.187425190240105,4.187425190240105,4.187425190240105
531.4629258517034,4.17539764079715,4.17539764079715,4.17539764079715
532.2645290581163,4.163893679469692,4.163893679469692,4.163893679469692
533.0661322645291,4.153114577534902,4.153114577534902,4.153114577534902
533.8677354709419,4.142799646020196,4.142799646020196,4.142799646020196
534.6693386773547,4.133034891376397,4.133034891376397,4.133034891376397
535.4709418837675,4.123932509168848,4.123932509168848,4.123932509168848
536.2725450901803,4.115281573403544,4.115281573403544,4.115281573403544
537.0741482965932,4.107196942329677,4.107196942329677,4.107196942329677
537.8757515030061,4.0997213474039995,4.0997213474039995,4.0997213474039995
538.6773547094189,4.092684595117194,4.092684595117194,4.092684595117194
539.4789579158316,4.086222809565617,4.086222809565617,4.086222809565617
540.2805611222445,4.080328285188747,4.080328285188747,4.080328285188747
541.0821643286573,4.074860115462911,4.074860115462911,4.074860115462911
541.8837675350701,4.069964586558285,4.069964586558285,4.069964586558285
542.685370741483,4.065600775968348,4.065600775968348,4.065600775968348
543.4869739478958,4.061650983855866,4.061650983855866,4.061650983855866
544.2885771543087,4.058268940226138,4.058268940226138,4.058268940226138
545.0901803607214,4.055394817661496,4.055394817661496,4.055394817661496
545.8917835671343,4.052922499805833,4.052922499805833,4.052922499805833
546.6933867735471,4.05100103145101,4.05100103145101,4.05100103145101
547.4949899799599,4.049567651150422,4.049567651150422,4.049567651150422
548.2965931863728,4.0485240330440355,4.0485240330440355,4.0485240330440355
549.0981963927856,4.048013257841508,4.048013257841508,4.048013257841508
549.8997995991983,4.047980828251199,4.047980828251199,4.047980828251199
550.7014028056112,4.048326261937161,4.048326261937161,4.048326261937161
551.5030060120241,4.049178563334732,4.049178563334732,4.049178563334732
552.3046092184369,4.050504531992863,4.050504531992863,4.050504531992863
553.1062124248497,4.052196632149252,4.052196632149252,4.052196632149252
553.9078156312626,4.054361857525033,4.054361857525033,4.054361857525033
554.7094188376753,4.056999537011274,4.056999537011274,4.056999537011274
555.5110220440881,4.059991809342096,4.059991809342096,4.059991809342096
556.312625250501,4.063422695468157,4.063422695468157,4.063422695468157
557.1142284569138,4.067334268808344,4.067334268808344,4.067334268808344
557.9158316633267,4.0715890642472985,4.0715890642472985,4.0715890642472985
558.7174348697395,4.076241019755285,4.076241019755285,4.076241019755285
559.5190380761524,4.081382966104041,4.081382966104041,4.081382966104041
560.3206412825651,4.086856961341135,4.086856961341135,4.086856961341135
561.1222444889779,4.092683948921976,4.092683948921976,4.092683948921976
561.9238476953908,4.09901671879225,4.09901671879225,4.09901671879225
562.7254509018036,4.1056705547807,4.1056705547807,4.1056705547807
563.5270541082165,4.112642084690513,4.112642084690513,4.112642084690513
564.3286573146293,4.120115834104849,4.120115834104849,4.120115834104849
565.1302605210421,4.12791243704328,4.12791243704328,4.12791243704328
565.9318637274549,4.1360159890653785,4.1360159890653785,4.1360159890653785
566.7334669338677,4.14456236831542,4.14456236831542,4.14456236831542
567.5350701402806,4.153460788816184,4.153460788816184,4.153460788816184
568.3366733466934,4.162655622930946,4.162655622930946,4.162655622930946
569.1382765531062,4.172235581609739,4.172235581609739,4.172235581609739
569.939879759519,4.182201786775743,4.182201786775743,4.182201786775743
570.7414829659319,4.192454065261388,4.192454065261388,4.192454065261388
571.5430861723447,4.203028400982098,4.203028400982098,4.203028400982098
572.3446893787575,4.214023006433052,4.214023006433052,4.214023006433052
573.1462925851704,4.225293557657448,4.225293557657448,4.225293557657448
573.9478957915832,4.236836896363291,4.236836896363291,4.236836896363291
574.7494989979959,4.248812695355486,4.248812695355486,4.248812695355486
575.5511022044088,4.261069140076471,4.261069140076471,4.261069140076471
576.3527054108216,4.273588499351531,4.273588499351531,4.273588499351531
577.1543086172345,4.286468707530697,4.286468707530697,4.286468707530697
577.9559118236473,4.299676370609332,4.299676370609332,4.299676370609332
578.7575150300602,4.313137284666092,4.313137284666092,4.313137284666092
579.559118236473,4.326886022285067,4.326886022285067,4.326886022285067
580.3607214428857,4.341011008989425,4.341011008989425,4.341011008989425
581.1623246492986,4.3553797930992,4.3553797930992,4.3553797930992
581.9639278557114,4.369989397403526,4.369989397403526,4.369989397403526
582.7655310621243,4.384970212465217,4.384970212465217,4.384970212465217
583.5671342685371,4.4002125399299725,4.4002125399299725,4.4002125399299725
584.36873747495,4.415686503758486,4.415686503758486,4.415686503758486
585.1703406813627,4.431454106122079,4.431454106122079,4.431454106122079
585.9719438877755,4.447542016509429,4.447542016509429,4.447542016509429
586.7735470941884,4.463852582405768,4.463852582405768,4.463852582405768
587.5751503006012,4.480382957352188,4.480382957352188,4.480382957352188
588.376753507014,4.497275721223703,4.497275721223703,4.497275721223703
589.1783567134269,4.514390209719407,4.514390209719407,4.514390209719407
589.9799599198396,4.531715796606751,4.531715796606751,4.531715796606751
590.7815631262525,4.549318422371314,4.549318422371314,4.549318422371314
591.5831663326653,4.567207696730489,4.567207696730489,4.567207696730489
592.3847695390782,4.585299565768364,4.585299565768364,4.585299565768364
593.186372745491,4.603591316182566,4.603591316182566,4.603591316182566
593.9879759519038,4.622214686084993,4.622214686084993,4.622214686084993
594.7895791583167,4.641041853272897,4.641041853272897,4.641041853272897
595.5911823647294,4.660060665007134,4.660060665007134,4.660060665007134
596.3927855711423,4.679322468358925,4.679322468358925,4.679322468358925
597.1943887775551,4.698860109401333,4.698860109401333,4.698860109401333
597.995991983968,4.718581359839788,4.718581359839788,4.718581359839788
598.7975951903808,4.7384836403678054,4.7384836403678054,4.7384836403678054
599.5991983967936,4.758673389160642,4.758673389160642,4.758673389160642
600.4008016032064,4.779069022951319,4.779069022951319,4.779069022951319
601.2024048096192,4.799637913745271,4.799637913745271,4.799637913745271
602.004008016032,4.8203984380966824,4.8203984380966824,4.8203984380966824
602.8056112224449,4.8414397920637615,4.8414397920637615,4.8414397920637615
603.6072144288578,4.862646830928506,4.862646830928506,4.862646830928506
604.4088176352706,4.884017108908764,4.884017108908764,4.884017108908764
605.2104208416833,4.90561399234664,4.90561399234664,4.90561399234664
606.0120240480962,4.927436671364789,4.927436671364789,4.927436671364789
606.813627254509,4.949415272026765,4.949415272026765,4.949415272026765
607.6152304609218,4.971547423158228,4.971547423158228,4.971547423158228
608.4168336673347,4.9939334614125235,4.9939334614125235,4.9939334614125235
609.2184368737475,5.016494755734206,5.016494755734206,5.016494755734206
610.0200400801604,5.0392025357716,5.0392025357716,5.0392025357716
610.8216432865731,5.062062114198355,5.062062114198355,5.062062114198355
611.623246492986,5.085182412774563,5.085182412774563,5.085182412774563
612.4248496993988,5.10844232379484,5.10844232379484,5.10844232379484
613.2264529058116,5.131839607078366,5.131839607078366,5.131839607078366
614.0280561122245,5.155407345870031,5.155407345870031,5.155407345870031
614.8296593186373,5.179195217542793,5.179195217542793,5.179195217542793
615.6312625250501,5.203113832667587,5.203113832667587,5.203113832667587
616.4328657314629,5.227161023602268,5.227161023602268,5.227161023602268
617.2344689378758,5.2513926643501705,5.2513926643501705,5.2513926643501705
618.0360721442886,5.275811793815337,5.275811793815337,5.275811793815337
618.8376753507014,5.3003531111802245,5.3003531111802245,5.3003531111802245
619.6392785571143,5.325014520490112,5.325014520490112,5.325014520490112
620.440881763527,5.349868064491115,5.349868064491115,5.349868064491115
621.2424849699398,5.374880913121398,5.374880913121398,5.374880913121398
622.0440881763527,5.400007700770905,5.400007700770905,5.400007700770905
622.8456913827656,5.425246402067388,5.425246402067388,5.425246402067388
623.6472945891784,5.450681649892542,5.450681649892542,5.450681649892542
624.4488977955912,5.476254541238709,5.476254541238709,5.476254541238709
625.2505010020041,5.501933425424771,5.501933425424771,5.501933425424771
626.0521042084168,5.527716346586223,5.527716346586223,5.527716346586223
626.8537074148296,5.5536936893496645,5.5536936893496645,5.5536936893496645
627.6553106212425,5.579791634876248,5.579791634876248,5.579791634876248
628.4569138276553,5.605987920864469,5.605987920864469,5.605987920864469
629.2585170340682,5.632280659671814,5.632280659671814,5.632280659671814
630.060120240481,5.6587633289915775,5.6587633289915775,5.6587633289915775
630.8617234468938,5.685355120744585,5.685355120744585,5.685355120744585
631.6633266533066,5.712037890771779,5.712037890771779,5.712037890771779
632.4649298597194,5.738809818411643,5.738809818411643,5.738809818411643
633.2665330661323,5.765760838676211,5.765760838676211,5.765760838676211
634.0681362725451,5.792813955507333,5.792813955507333,5.792813955507333
634.8697394789579,5.819950968709616,5.819950968709616,5.819950968709616
635.6713426853707,5.847170123184588,5.847170123184588,5.847170123184588
636.4729458917836,5.874555600823374,5.874555600823374,5.874555600823374
637.2745490981964,5.9020411946109155,5.9020411946109155,5.9020411946109155
638.0761523046092,5.929603879765827,5.929603879765827,5.929603879765827
638.8777555110221,5.957241965391612,5.957241965391612,5.957241965391612
639.6793587174349,5.9850278032768465,5.9850278032768465,5.9850278032768465
640.4809619238476,6.012915694141953,6.012915694141953,6.012915694141953
641.2825651302605,6.040874137489324,6.040874137489324,6.040874137489324
642.0841683366733,6.068901505116528,6.068901505116528,6.068901505116528
642.8857715430862,6.097056094623286,6.097056094623286,6.097056094623286
643.687374749499,6.125319640123103,6.125319640123103,6.125319640123103
644.4889779559119,6.1536474620739074,6.1536474620739074,6.1536474620739074
645.2905811623247,6.182037993526443,6.182037993526443,6.182037993526443
646.0921843687374,6.210530836124477,6.210530836124477,6.210530836124477
646.8937875751503,6.239143275237348,6.239143275237348,6.239143275237348
647.6953907815631,6.2678139687449415,6.2678139687449415,6.2678139687449415
648.496993987976,6.296541409432354,6.296541409432354,6.296541409432354
649.2985971943888,6.32534288293848,6.32534288293848,6.32534288293848
650.1002004008017,6.35427848706499,6.35427848706499,6.35427848706499
650.9018036072144,6.383266570188178,6.383266570188178,6.383266570188178
651.7034068136272,6.412305683291105,6.412305683291105,6.412305683291105
652.5050100200401,6.441394390690972,6.441394390690972,6.441394390690972
653.3066132264529,6.470622504509696,6.470622504509696,6.470622504509696
654.1082164328657,6.4999046931059485,6.4999046931059485,6.4999046931059485
654.9098196392786,6.52923243497163,6.52923243497163,6.52923243497163
655.7114228456915,6.5586043507839005,6.5586043507839005,6.5586043507839005
656.5130260521042,6.588077421489678,6.588077421489678,6.588077421489678
657.314629258517,6.617627827820397,6.617627827820397,6.617627827820397
658.1162324649299,6.647218536163531,6.647218536163531,6.647218536163531
658.9178356713427,6.6768482219213885,6.6768482219213885,6.6768482219213885
659.7194388777555,6.706541158866999,6.706541158866999,6.706541158866999
660.5210420841684,6.7363407892187075,6.7363407892187075,6.7363407892187075
661.3226452905812,6.7661757021261675,6.7661757021261675,6.7661757021261675
662.1242484969939,6.796044626270128,6.796044626270128,6.796044626270128
662.9258517034068,6.825946302596524,6.825946302596524,6.825946302596524
663.7274549098197,6.855959003900958,6.855959003900958,6.855959003900958
664.5290581162325,6.886014314401543,6.886014314401543,6.886014314401543
665.3306613226453,6.916098879312626,6.916098879312626,6.916098879312626
666.1322645290581,6.946211490899083,6.946211490899083,6.946211490899083
666.9338677354709,6.976389739624526,6.976389739624526,6.976389739624526
667.7354709418837,7.006647254666759,7.006647254666759,7.006647254666759
668.5370741482966,7.036929481262369,7.036929481262369,7.036929481262369
669.3386773547095,7.067235261516941,7.067235261516941,7.067235261516941
670.1402805611223,7.097563449056471,7.097563449056471,7.097563449056471
670.941883767535,7.12799671671302,7.12799671671302,7.12799671671302
671.7434869739479,7.158457092486826,7.158457092486826,7.158457092486826
672.5450901803607,7.188936728691976,7.188936728691976,7.188936728691976
673.3466933867735,7.219434526928273,7.219434526928273,7.219434526928273
674.1482965931864,7.249983285825209,7.249983285825209,7.249983285825209
674.9498997995993,7.280603108369207,7.280603108369207,7.280603108369207
675.7515030060121,7.311238091076215,7.311238091076215,7.311238091076215
676.5531062124248,7.341887182008305,7.341887182008305,7.341887182008305
677.3547094188377,7.372549340008783,7.372549340008783,7.372549340008783
678.1563126252505,7.403292247911467,7.403292247911467,7.403292247911467
678.9579158316633,7.43406485602002,7.43406485602002,7.43406485602002
679.7595190380762,7.464847703379732,7.464847703379732,7.464847703379732
680.5611222444891,7.495639793477577,7.495639793477577,7.495639793477577
681.3627254509017,7.52645262025229,7.52645262025229,7.52645262025229
682.1643286573146,7.557347017969452,7.557347017969452,7.557347017969452
682.9659318637275,7.588247967501024,7.588247967501024,7.588247967501024
683.7675350701403,7.61915451553908,7.61915451553908,7.61915451553908
684.5691382765531,7.650065718832644,7.650065718832644,7.650065718832644
685.370741482966,7.681018819273444,7.681018819273444,7.681018819273444
686.1723446893787,7.71202179223417,7.71202179223417,7.71202179223417
686.9739478957915,7.743026890073561,7.743026890073561,7.743026890073561
687.7755511022044,7.774033210987142,7.774033210987142,7.774033210987142
688.5771543086173,7.805039862837751,7.805039862837751,7.805039862837751
689.3787575150301,7.83610534706694,7.83610534706694,7.83610534706694
690.1803607214429,7.867194918186129,7.867194918186129,7.867194918186129
690.9819639278558,7.898282446607902,7.898282446607902,7.898282446607902
691.7835671342685,7.929367079942138,7.929367079942138,7.929367079942138
692.5851703406813,7.960447975083172,7.960447975083172,7.960447975083172
693.3867735470942,7.991598146981691,7.991598146981691,7.991598146981691
694.1883767535071,8.022751297474281,8.022751297474281,8.022751297474281
694.9899799599198,8.05389847886015,8.05389847886015,8.05389847886015
695.7915831663327,8.085038886083797,8.085038886083797,8.085038886083797
696.5931863727455,8.116175487039158,8.116175487039158,8.116175487039158
697.3947895791583,8.147381627804371,8.147381627804371,8.147381627804371
698.1963927855711,8.178578878684489,8.178578878684489,8.178578878684489
698.997995991984,8.209766471357307,8.209766471357307,8.209766471357307
699.7995991983968,8.24094364611153,8.24094364611153,8.24094364611153
700.6012024048096,8.272120914849204,8.272120914849204,8.272120914849204
701.4028056112224,8.303357471484057,8.303357471484057,8.303357471484057
702.2044088176353,8.334581635745225,8.334581635745225,8.334581635745225
703.0060120240481,8.36579268308839,8.36579268308839,8.36579268308839
703.8076152304609,8.39698989722119,8.39698989722119,8.39698989722119
704.6092184368738,8.42818605630143,8.42818605630143,8.42818605630143
705.4108216432866,8.459432181393831,8.459432181393831,8.459432181393831
706.2124248496993,8.490662619364397,8.490662619364397,8.490662619364397
707.0140280561122,8.521876687506197,8.521876687506197,8.521876687506197
707.8156312625251,8.55307371101543,8.55307371101543,8.55307371101543
708.6172344689379,8.584264913725418,8.584264913725418,8.584264913725418
709.4188376753507,8.615505369795445,8.615505369795445,8.615505369795445
710.2204408817636,8.646727056106126,8.646727056106126,8.646727056106126
711.0220440881764,8.677929329962904,8.677929329962904,8.677929329962904
711.8236472945891,8.709111556234895,8.709111556234895,8.709111556234895
712.625250501002,8.74027849775686,8.74027849775686,8.74027849775686
713.4268537074149,8.771495655674778,8.771495655674778,8.771495655674778
714.2284569138276,8.802691152757337,8.802691152757337,8.802691152757337
715.0300601202405,8.833864384515682,8.833864384515682,8.833864384515682
715.8316633266534,8.865014753695508,8.865014753695508,8.865014753695508
716.6332665330661,8.896141670216757,8.896141670216757,8.896141670216757
717.4348697394789,8.927318046642458,8.927318046642458,8.927318046642458
718.2364729458918,8.95847543080366,8.95847543080366,8.95847543080366
719.0380761523046,8.989607892045822,8.989607892045822,8.989607892045822
719.8396793587174,9.020714869295505,9.020714869295505,9.020714869295505
720.6412825651303,9.05179580833569,9.05179580833569,9.05179580833569
721.4428857715432,9.08290530505806,9.08290530505806,9.08290530505806
722.2444889779559,9.114007891498032,9.114007891498032,9.114007891498032
723.0460921843687,9.145083065288292,9.145083065288292,9.145083065288292
723.8476953907816,9.17613029984867,9.17613029984867,9.17613029984867
724.6492985971944,9.2071490751484,9.2071490751484,9.2071490751484
725.4509018036072,9.238174430663191,9.238174430663191,9.238174430663191
726.2525050100201,9.269209791506901,9.269209791506901,9.269209791506901
727.054108216433,9.300215420309389,9.300215420309389,9.300215420309389
727.8557114228457,9.331190823384391,9.331190823384391,9.331190823384391
728.6573146292585,9.362135513298393,9.362135513298393,9.362135513298393
729.4589178356714,9.393060681215427,9.393060681215427,9.393060681215427
730.2605210420842,9.424018339297753,9.424018339297753,9.424018339297753
731.062124248497,9.454944111759882,9.454944111759882,9.454944111759882
731.8637274549098,9.485837536272404,9.485837536272404,9.485837536272404
732.6653306613226,9.5166981564718,9.5166981564718,9.5166981564718
733.4669338677354,9.547525521907826,9.547525521907826,9.547525521907826
734.2685370741483,9.57837562963766,9.57837562963766,9.57837562963766
735.0701402805612,9.609208626667737,9.609208626667737,9.609208626667737
735.871743486974,9.64000729873405,9.64000729873405,9.64000729873405
736.6733466933867,9.670771219053462,9.670771219053462,9.670771219053462
737.4749498997996,9.701499966481633,9.701499966481633,9.701499966481633
738.2765531062124,9.732216674361634,9.732216674361634,9.732216674361634
739.0781563126252,9.762946966730691,9.762946966730691,9.762946966730691
739.8797595190381,9.793641102206122,9.793641102206122,9.793641102206122
740.681362725451,9.824298682164484,9.824298682164484,9.824298682164484
741.4829659318638,9.854919313356781,9.854919313356781,9.854919313356781
742.2845691382765,9.885502607859733,9.885502607859733,9.885502607859733
743.0861723446894,9.916107122107212,9.916107122107212,9.916107122107212
743.8877755511022,9.946687615415751,9.946687615415751,9.946687615415751
744.689378757515,9.977229885843819,9.977229885843819,9.977229885843819
745.4909819639279,10.007733566681368,10.007733566681368,10.007733566681368
746.2925851703408,10.03819829629131,10.03819829629131,10.03819829629131
747.0941883767534,10.068639893771284,10.068639893771284,10.068639893771284
747.8957915831663,10.09909606248964,10.09909606248964,10.09909606248964
748.6973947895792,10.129512463067975,10.129512463067975,10.129512463067975
749.498997995992,10.159888754026653,10.159888754026653,10.159888754026653
750.3006012024048,10.190224598716378,10.190224598716378,10.190224598716378
751.1022044088177,10.220519665273239,10.220519665273239,10.220519665273239
751.9038076152304,10.250815155298094,10.250815155298094,10.250815155298094
752.7054108216432,10.281099095737991,10.281099095737991,10.281099095737991
753.5070140280561,10.311341531844223,10.311341531844223,10.311341531844223
754.308617234469,10.341542150718094,10.341542150718094,10.341542150718094
755.1102204408818,10.371700644014641,10.371700644014641,10.371700644014641
755.9118236472946,10.40181670789993,10.40181670789993,10.40181670789993
756.7134268537075,10.431951640730677,10.431951640730677,10.431951640730677
757.5150300601202,10.462053208384585,10.462053208384585,10.462053208384585
758.316633266533,10.492111701940116,10.492111701940116,10.492111701940116
759.1182364729459,10.522126835390774,10.522126835390774,10.522126835390774
759.9198396793588,10.55209832702029,10.55209832702029,10.55209832702029
760.7214428857716,10.582031364168728,10.582031364168728,10.582031364168728
761.5230460921844,10.611982259822701,10.611982259822701,10.611982259822701
762.3246492985973,10.641888921727459,10.641888921727459,10.641888921727459
763.12625250501,10.671751085082334,10.671751085082334,10.671751085082334
763.9278557114228,10.701568489165721,10.701568489165721,10.701568489165721
764.7294589178357,10.731340877295827,10.731340877295827,10.731340877295827
765.5310621242486,10.761083771167026,10.761083771167026,10.761083771167026
766.3326653306613,10.790836076883245,10.790836076883245,10.790836076883245
767.1342685370741,10.82054285783682,10.82054285783682,10.82054285783682
767.935871743487,10.850203873228418,10.850203873228418,10.850203873228418
768.7374749498998,10.879818886097192,10.879818886097192,10.879818886097192
769.5390781563126,10.909387663283539,10.909387663283539,10.909387663283539
770.3406813627255,10.938929632560276,10.938929632560276,10.938929632560276
771.1422845691383,10.968472425435918,10.968472425435918,10.968472425435918
771.943887775551,10.997968530544542,10.997968530544542,10.997968530544542
772.7454909819639,11.027417729628716,11.027417729628716,11.027417729628716
773.5470941883768,11.056819808041263,11.056819808041263,11.056819808041263
774.3486973947896,11.0861745547098,11.0861745547098,11.0861745547098
775.1503006012024,11.115501389911596,11.115501389911596,11.115501389911596
775.9519038076153,11.144828949457695,11.144828949457695,11.144828949457695
776.7535070140281,11.174108791871113,11.174108791871113,11.174108791871113
777.5551102204408,11.20334072005105,11.20334072005105,11.20334072005105
778.3567134268537,11.23252454029007,11.23252454029007,11.23252454029007
779.1583166332666,11.261660062240514,11.261660062240514,11.261660062240514
779.9599198396793,11.290760790688076,11.290760790688076,11.290760790688076
780.7615230460922,11.319864827548054,11.319864827548054,11.319864827548054
781.5631262525051,11.348920232602335,11.348920232602335,11.348920232602335
782.3647294589179,11.37792682859721,11.37792682859721,11.37792682859721
783.1663326653306,11.406884441466868,11.406884441466868,11.406884441466868
783.9679358717435,11.435792900301323,11.435792900301323,11.435792900301323
784.7695390781563,11.464655550561075,11.464655550561075,11.464655550561075
785.5711422845691,11.493532868246174,11.493532868246174,11.493532868246174
786.372745490982,11.522360760348233,11.522360760348233,11.522360760348233
787.1743486973949,11.551139068213406,11.551139068213406,11.551139068213406
787.9759519038076,11.57986763618057,11.57986763618057,11.57986763618057
788.7775551102204,11.608546311550894,11.608546311550894,11.608546311550894
789.5791583166333,11.637174944557813,11.637174944557813,11.637174944557813
790.3807615230461,11.665806656987659,11.665806656987659,11.665806656987659
791.1823647294589,11.69440018782445,11.69440018782445,11.69440018782445
791.9839679358718,11.722943457556728,11.722943457556728,11.722943457556728
792.7855711422847,11.751436327765735,11.751436327765735,11.751436327765735
793.5871743486974,11.779878662812028,11.779878662812028,11.779878662812028
794.3887775551102,11.808270329806685,11.808270329806685,11.808270329806685
795.1903807615231,11.836643796947746,11.836643796947746,11.836643796947746
795.9919839679359,11.864998913836907,11.864998913836907,11.864998913836907
796.7935871743487,11.893303191099642,11.893303191099642,11.893303191099642
797.5951903807616,11.921556506456163,11.921556506456163,11.921556506456163
798.3967935871744,11.949758740232332,11.949758740232332,11.949758740232332
799.1983967935871,11.977909775332822,11.977909775332822,11.977909775332822
800.0,12.006016275588712,12.006016275588712,12.006016275588712
