mode,rank,success,cost,rmse_normalized,nfev,global_population_rank,global_energy,distance_to_best_scaled,benchmark_distance_to_truth_scaled,fit_Air_um,benchmark_error_Air_um,x0_Air_um,fit_HSQ_nm,benchmark_error_HSQ_nm,x0_HSQ_nm,fit_PSS_nm,benchmark_error_PSS_nm,x0_PSS_nm,fit_SOC_nm,benchmark_error_SOC_nm,x0_SOC_nm,fit_TiO2_nm,benchmark_error_TiO2_nm,x0_TiO2_nm,fit_Angle_deg,benchmark_error_Angle_deg,x0_Angle_deg
joint,1,True,0.08379684198,0.006823034596,12,9,0.001401611335,0,0.1569536487,1000.001291,0.001291052784,1000.001164,30.06566687,0.06566687438,25.31700498,10.07159325,0.07159325006,13.15410647,39.90123729,-0.09876271342,40.78862309,39.97310122,-0.02689877604,40.33981944,0.01567902132,0.01567902132,0.01551676866
joint,2,True,0.08379832436,0.006823094946,10,4,0.0007241519566,0.01211553962,0.1448520364,1000.001102,0.001102098828,1000.00168,30.06575197,0.06575197013,30.48885438,10.07160921,0.07160920688,10.31817348,39.90116018,-0.09883981969,39.34256404,39.97307734,-0.02692265723,39.53426379,0.01446747671,0.01446747671,0.01401103348
joint,3,True,0.08379846313,0.006823100596,15,14,0.002248864933,0.01327058849,0.1436985909,1000.001085,0.001084890225,1000.000757,30.0658468,0.06584680353,33.44829631,10.07159102,0.07159102023,12.01520879,39.90111255,-0.09888744762,37.33609703,39.97305602,-0.02694398197,38.49007575,0.01435197295,0.01435197295,0.01429282201
joint,4,True,0.08379853371,0.006823103469,13,15,0.002288804741,0.01391537881,0.1430544198,1000.001075,0.001075321516,1000.002292,30.06575725,0.0657572479,29.49966999,10.07160174,0.07160173791,14.64831489,39.90116197,-0.09883803194,36.61788381,39.97307699,-0.02692300973,38.95443676,0.01428749402,0.01428749402,0.01438893775
joint,5,True,0.08379874986,0.006823112269,12,13,0.002063788039,0.01579109379,0.1411811356,1000.001048,0.001047774662,1000.002032,30.06576091,0.06576090539,26.75361801,10.07161376,0.07161375785,13.50818246,39.90114826,-0.09885173527,39.09197375,39.97307437,-0.02692562841,39.89609452,0.01409992379,0.01409992379,0.01348423311
joint,6,True,0.08379960267,0.006823146988,12,6,0.0009815346056,0.023459907,0.1335228627,1000.000939,0.0009389328401,1000.002412,30.06578299,0.06578298715,33.56940148,10.07162336,0.07162336347,10.75554485,39.9011211,-0.09887890351,36.14354524,39.97306749,-0.02693251124,39.32795242,0.01333304729,0.01333304729,0.01284414581
joint,7,True,0.08380015692,0.006823169552,12,7,0.001015835153,0.02868805299,0.1283026208,1000.000868,0.0008682191477,999.9998256,30.06579561,0.0657956101,29.1050265,10.07163145,0.07163144542,8.55493015,39.90110305,-0.09889694636,42.43036948,39.97306314,-0.02693686411,40.08199203,0.01281023566,0.01281023566,0.01137503666
joint,8,True,0.08380106472,0.006823206509,13,11,0.001688970801,0.03774598262,0.1192600213,1000.000752,0.0007524004194,999.9995238,30.06581585,0.06581585201,26.37270247,10.07164695,0.07164694676,11.60389186,39.90107186,-0.09892814395,40.91051001,39.97305583,-0.0269441667,41.07963069,0.01190444726,0.01190444726,0.01144358472
joint,9,True,0.08380216556,0.006823251325,13,1,0.0003873815507,0.04974753263,0.1072827801,1000.000612,0.0006120209757,1000.001383,30.06584968,0.06584968187,31.90352546,10.07166679,0.07166679468,10.48402114,39.90102706,-0.09897293824,37.94320901,39.97304444,-0.0269555598,39.60557143,0.01070429724,0.01070429724,0.0101708243
joint,10,True,0.08380229916,0.006823256764,14,3,0.000627137584,0.05129803293,0.1057357946,1000.000595,0.0005949712427,1000.000068,30.06585279,0.06585278539,31.46485606,10.07166351,0.07166350934,10.61629879,39.90102709,-0.09897290506,38.92857045,39.97304411,-0.0269558933,39.70111993,0.01054924775,0.01054924775,0.0103673066
joint,11,True,0.08380233173,0.00682325809,13,2,0.0005169858876,0.05168422446,0.1053504716,1000.000591,0.0005907622223,1000.00078,30.06585142,0.0658514151,32.26015913,10.07165869,0.07165868784,10.76697162,39.90103195,-0.09896804897,38.40768214,39.97304503,-0.02695496722,39.03848461,0.01051062873,0.01051062873,0.01008229819
joint,12,True,0.08380310879,0.006823289724,11,5,0.0007959407919,0.06122846859,0.09583068057,1000.000492,0.000491675554,1000.000112,30.06586677,0.06586677101,29.17172499,10.07167478,0.07167478022,11.58427887,39.90100413,-0.09899586586,39.94729188,39.97303892,-0.02696107943,39.67091211,0.009556207287,0.009556207287,0.009344088142
joint,13,True,0.08380392427,0.006823322922,15,8,0.001279434729,0.07243195051,0.08466215519,1000.000387,0.0003873656431,999.9998646,30.06589757,0.06589756662,32.09932001,10.07152767,0.07152767338,6.833599043,39.90110465,-0.09889534997,41.87039567,39.97305025,-0.02694974687,39.60326645,0.008435861634,0.008435861634,0.005778347225
joint,14,True,0.08380393953,0.006823323544,12,16,0.002436537239,0.07262135003,0.08447417353,1000.000386,0.0003857371119,1000.00055,30.06588954,0.06588954273,26.31031566,10.07168331,0.07168331072,8.810319133,39.90097761,-0.09902238575,42.16076206,39.97303188,-0.02696811591,41.66161828,0.008416921807,0.008416921807,0.007952014605
joint,15,True,0.08380459616,0.006823350275,14,12,0.001787305561,0.08285194306,0.07428576387,1000.000302,0.0003020529118,1000.000173,30.06590585,0.06590584686,32.79430754,10.07169999,0.07169998849,9.821989068,39.90094927,-0.0990507274,37.80538473,39.9730255,-0.02697450381,40.01121919,0.007393864142,0.007393864142,0.00688166636
joint,16,True,0.08380675905,0.006823438326,14,10,0.001460832208,0.1459396673,0.01300388204,1000.000025,2.525792365e-05,999.9989173,30.06574351,0.06574351074,29.52386822,10.07172285,0.07172285353,9.624541761,39.90102556,-0.09897444036,40.46467215,39.97306334,-0.02693666188,40.76216128,0.001085088956,0.001085088956,0.0009459071792
